<?xml version="1.0" encoding="UTF-8"?>

 <beans xmlns ="http://www.springframework.org/schema/beans"
    xmlns:xsi="http://www.w3.org/2001/XMLSchema-instance"
    xmlns:p="http://www.springframework.org/schema/p" 
    xmlns:aop="http://www.springframework.org/schema/aop"
    xmlns:mvc = "http://www.springframework.org/schema/mvc"
    xmlns:context="http://www.springframework.org/schema/context" 
    xmlns:jee="http://www.springframework.org/schema/jee"
    xmlns:tx="http://www.springframework.org/schema/tx"



    xsi:schemaLocation="http://www.springframework.org/schema/context http://www.springframework.org/schema/context/spring-context-3.0.xsd
      http://www.springframework.org/schema/jee http://www.springframework.org/schema/jee/spring-jee-3.0.xsd
      http://www.springframework.org/schema/tx http://www.springframework.org/schema/tx/spring-tx-3.0.xsd
      http://www.springframework.org/schema/aop http://www.springframework.org/schema/aop/spring-aop-3.0.xsd
      http://www.springframework.org/schema/beans http://www.springframework.org/schema/beans/spring-beans-3.0.xsd
       http://www.springframework.org/schema/mvc
       http://www.springframework.org/schema/mvc/spring-mvc-3.0.xsd">
    
    
     <mvc:annotation-driven/>
     <tx:annotation-driven/>
    
     <context:annotation-config/>
      
	<context:component-scan base-package="com.mvc" />
    <!--  View Resolver -->
	<bean
		class="org.springframework.web.servlet.view.InternalResourceViewResolver">
		<property name="prefix" value="/WEB-INF/views/" />
		<property name="suffix" value=".jsp" />
	</bean>
	<!-- Error  Mapping  -->
	<bean name="messageSource" class="org.springframework.context.support.ResourceBundleMessageSource">
	<property name="basename" value="/WEB-INF/errormessages"/>
	</bean>
   
	<!-- Hibrenate Configration -->

	<bean id="dataSource"
		class="org.springframework.jdbc.datasource.DriverManagerDataSource">
		<property name="driverClassName"
			value="com.mysql.jdbc.Driver"></property>
		<property name="url"
			value="jdbc:mysql://localhost:3306/crudapi"></property>
		<property name="username" value="root"></property>
		<property name="password" value="root"></property>
	</bean>

	<bean id="sessionFactory"
		class="org.springframework.orm.hibernate4.LocalSessionFactoryBean">
		<property name="dataSource" ref="dataSource"/>

		<property name="annotatedClasses">
			<list>
				<value>com.mvc.dto.Employee</value>
			</list>
		</property>

		<property name="hibernateProperties">
			<props>
				<prop key="hibernate.dialect">org.hibernate.dialect.MySQLDialect</prop>
				<prop key="hibernate.hbm2ddl.auto">update</prop>
				<prop key="hibernate.show_sql">true</prop>
				<prop key="hibernate.format_sql">true</prop>
				<prop key="hibernate.use_sql_comments">true</prop>
			</props>
		</property>
	</bean>
	<bean id="hibernateTemplate"
		class="org.springframework.orm.hibernate4.HibernateTemplate">
		<property name="sessionFactory" ref="sessionFactory"></property>
	</bean>
	<bean id="transactionManager" class="org.springframework.orm.hibernate4.HibernateTransactionManager">
	<property name="sessionFactory" ref="sessionFactory"/>
	
	</bean>
   
  
</beans>